question,model_answer,student_answer,score
"Explain the concept of machine learning and its applications.","Machine learning is a subset of artificial intelligence that enables computers to learn and make decisions from data without being explicitly programmed. It involves algorithms that can identify patterns in data and make predictions or classifications. Applications include image recognition, natural language processing, recommendation systems, autonomous vehicles, and medical diagnosis. The field continues to evolve with deep learning and neural networks enabling more complex tasks.","Machine learning is when computers learn from data. It's used in many apps and websites to recommend things. It helps with recognizing images and understanding language. Companies use it to make better products and services.",7.5
"What are the advantages and disadvantages of renewable energy?","Renewable energy sources like solar, wind, and hydroelectric power offer significant advantages including environmental sustainability, reduced greenhouse gas emissions, and decreased dependence on fossil fuels. They provide long-term energy security and can create jobs in emerging industries. However, disadvantages include high initial costs, intermittent availability requiring energy storage solutions, geographic limitations, and potential environmental impacts during construction. The transition requires substantial infrastructure investment and policy support.","Renewable energy is good for the environment because it doesn't pollute. Solar panels and wind turbines are examples. But they cost a lot of money to install and sometimes don't work when there's no sun or wind. We need better batteries to store the energy.",6.0
"Describe the process of photosynthesis in plants.","Photosynthesis is the process by which plants convert light energy into chemical energy. It occurs primarily in chloroplasts, specifically in the thylakoid membranes and stroma. The process involves two main stages: light-dependent reactions where chlorophyll absorbs light energy to split water molecules, producing oxygen and ATP, and light-independent reactions (Calvin cycle) where carbon dioxide is fixed and converted into glucose using ATP and NADPH. This process is essential for life on Earth as it produces oxygen and forms the base of most food chains.","Plants make food using sunlight in a process called photosynthesis. They take in carbon dioxide and water, and with help from sunlight, they make glucose and release oxygen. This happens in the leaves where there are special cells called chloroplasts.",8.0
"How does climate change affect biodiversity?","Climate change significantly impacts biodiversity through various mechanisms. Rising temperatures alter habitats and migration patterns, forcing species to adapt or relocate. Ocean acidification affects marine ecosystems, particularly coral reefs and shellfish. Changes in precipitation patterns disrupt ecosystems and food chains. Extreme weather events cause habitat destruction and species displacement. These factors contribute to species extinction, reduced genetic diversity, and ecosystem instability, ultimately threatening global biodiversity and ecosystem services.","Climate change makes the Earth warmer and affects animals and plants. Some species might go extinct because their homes are changing. The ocean is getting more acidic which hurts fish and coral. We need to protect nature better.",6.5
"Explain the principles of democracy and its importance.","Democracy is a system of government where power is vested in the people, who exercise it directly or through elected representatives. Key principles include political equality, majority rule with minority rights, free and fair elections, rule of law, and protection of civil liberties. Democracy ensures accountability, promotes political participation, protects individual freedoms, and provides peaceful conflict resolution. It's important because it empowers citizens, prevents authoritarianism, encourages innovation and progress, and creates stable societies that respect human dignity and rights.","Democracy means people choose their leaders by voting. Everyone should have equal rights and the government should follow laws. It's important because it gives people freedom and prevents dictators from taking over. It helps countries stay peaceful and prosperous.",7.0
"What is the water cycle and how does it work?","The water cycle, also known as the hydrological cycle, is the continuous movement of water through Earth's atmosphere, land, and oceans. It involves several key processes: evaporation (water turning to vapor from oceans, lakes, and rivers), condensation (water vapor forming clouds), precipitation (water falling as rain, snow, or hail), infiltration (water seeping into the ground), runoff (water flowing over land to water bodies), and transpiration (plants releasing water vapor). This cycle is driven by solar energy and gravity, ensuring freshwater availability and regulating Earth's climate.","The water cycle is how water moves around the Earth. Water evaporates from oceans and becomes clouds. Then it rains and the water goes back to the ground and rivers. Plants also help by releasing water. This keeps happening over and over.",7.5
"Describe the structure and function of DNA.","DNA (Deoxyribonucleic acid) is a double-stranded molecule that carries genetic information in all living organisms. It consists of two complementary strands twisted into a double helix structure. Each strand is made of nucleotides containing a sugar-phosphate backbone and nitrogenous bases (adenine, thymine, guanine, cytosine). Base pairing follows specific rules: A pairs with T, and G pairs with C. DNA functions include storing genetic information, enabling inheritance, and providing instructions for protein synthesis through transcription and translation processes.","DNA is like a blueprint for living things. It's made of two strands twisted together like a spiral staircase. It has four different letters (A, T, G, C) that carry instructions. DNA tells cells how to make proteins and passes traits from parents to children.",8.5
"What are the causes and effects of inflation?","Inflation is the sustained increase in the general price level of goods and services over time. Causes include demand-pull inflation (excess demand), cost-push inflation (rising production costs), monetary inflation (increased money supply), and structural factors. Effects include reduced purchasing power, uncertainty for businesses and consumers, redistribution of wealth, impact on savings and investments, and potential economic instability. Central banks use monetary policy tools to control inflation and maintain price stability.","Inflation happens when prices go up over time. It can be caused by too much demand or higher costs for companies. When inflation happens, money doesn't buy as much as before. It makes it harder for people to afford things and can hurt the economy.",6.0
"Explain the concept of supply and demand in economics.","Supply and demand is a fundamental economic principle that determines prices and quantities in markets. Supply represents the quantity of goods or services producers are willing to sell at various prices, typically increasing with higher prices. Demand represents the quantity consumers are willing to buy at various prices, typically decreasing with higher prices. Market equilibrium occurs where supply equals demand, establishing the market price and quantity. Changes in supply or demand shift the curves, affecting equilibrium price and quantity.","Supply and demand is about how prices are set in markets. When there's more of something available (supply), prices usually go down. When more people want something (demand), prices usually go up. The price settles where supply and demand meet.",7.0
"What is the greenhouse effect and its environmental impact?","The greenhouse effect is a natural process where greenhouse gases (like carbon dioxide, methane, and water vapor) in Earth's atmosphere trap heat from the sun, warming the planet's surface. While essential for life, human activities have intensified this effect by increasing greenhouse gas concentrations. This leads to global warming, climate change, rising sea levels, extreme weather events, ecosystem disruption, and threats to biodiversity. Mitigation strategies include reducing emissions, transitioning to renewable energy, and implementing carbon capture technologies.","The greenhouse effect is when gases in the air trap heat from the sun, making Earth warmer. Humans are making it worse by burning fossil fuels. This causes climate change, melting ice, and problems for animals and plants. We need to use cleaner energy sources.",8.0
